address,balance
0x0b8F4C4E7626A91460dac057eB43e0de59d5b44F,1044.773474901886552888
0xae2Fc483527B8EF99EB5D9B44875F005ba1FaE13,101.64455850574459046
0xA0b1C5F88d9A1aCDD4f7fF869e947bfd54C07c61,98.076817714799615138
0x4339889FD9dFCa20a423fbA011e9dfF1C856CAEb,55.432281760505476336
0x9bADAE7A4A9030D094b799f13B306d2F462F9be9,51.846223180003245976
0x9ABDe6fAe4c59D730A73142542d9a908BD291644,51.643901416016492762
0x7594F15D27B58C04B82C3891e6f5f4488b2006e0,45.601674546060783193
0x127bBc2904Dbb53Cf601782fC12fa4fD633394E4,38.119326650723614144
0x79b7a69d90c82E014Bf0315e164208119B510FA0,37.79818703765955556
0x5E2ab3d24375ad07F93ad40fB78762A5Bf96C7b5,37.324075250154139104
0x04192b74807F697c4e78f4EA1c727f2BfCbfbC04,34.732250460108054904
0x047a2fbe8aEF590d4EB8942426a24970af301875,32.406515832151637256
0x7ab700A3B5e1c3eF823C82C7Ec8B19d01723fc19,31.688993177702145741
0x2E86cdDA1CB4BAF3aa15A0D878C368f10B70Ad57,30.545027391430371318
0xB88B31718aF72572Cd519fF8c15f8ee456423e87,30.000298022794608766
0xaDb207914E98A7f54a7a212519d6900eA0e74C4C,29.915185956496509647
0x303c223e6AcaFe204800FEa771842cbB421B51D0,28.519640617398219739
0xB9332b6301e5983272c30dd5b48a4e3B1664511b,27.125787613577161017
0x9b7e7f21d98f21C0354035798C40E9040e25787f,26.980819628213568838
0x424bE8DF5Db7B04b1063Bd4Ee0F99Db445C59624,26.469720034153198838
0x7b9d4D8772b8705dDc7456Daf821c3022DDa0504,25.019097276004542811
0x94c9c69277dD97b48425eDB093aCD84bDD4D2Eb8,24.52471748212544989
0x0001fC0b945C30389ae805443E38E59a655662d3,23.907385805119631915
0x1F27f9Ca3E9bF9CC88540EDf0A9fA9A2b2796fF8,20.348351676559034419
0xee22294e77C04338Dc5bEd295bBc5FBA0CE5F23E,18.011875908280301839
0x974665201d5195c6CeB998d1C4c7e70aF0cF5247,17.899134771214628586
0xbb75B7Cf7Aad0ca612FC7E5Af336688d0A1ec701,16.652937868162167207
0x241f4d70e8f2EA8Ab160E376236029565A1F04bf,16.318940612327053385
0x0DdcB0769a3591230cAa80F85469240b71442089,16.244667102736588749
0x8eB2283F696F2a130134d46E28d3528e19e16868,15.299391455004985538
0xc9f2e6ea1637E499406986ac50ddC92401ce1f58,15.132971631165429302
0x966c5496E978621B24DB1177187ff1F9a02F4B9f,14.666926457113183831
0x26Ed2aA33616245Eb31756f38d175b5e695189Ce,14.4365684001428941
0x1A5B87FF2e576B0A4605206c262A3D793BaB725a,14.13431003481999155
0x77ad3a15b78101883AF36aD4A875e17c86AC65d1,13.558042055533647981
0x8B2D16de6c99ea66e8d93A256cB3105D6e2a3ad9,12.159921972714337045
0x8F8097A2aF8EcB317f05ff284069afaA87763952,11.934076423521546207
0x3194770E03Ec3b0EBEaA7eb93b01290A85AcC905,11.36334501711250893
0xf9AEb52bB4eF74E1987dd295E4Df326d41D0d0fF,10.889995417250894608
0x6e79af12a760fa8261CB069d650e2Da4F7dE9efE,10.168659255128960391
0xe2cA3167B89b8Cf680D63B06E8AeEfc5E4EBe907,9.857545044840333199
0xeaE7A6A8B21E371c13F115A1216E9EDe68df8166,9.777161881961530158
0x0Ba48b0AEA8F86423254B787461cA35C2496f2D0,9.03728804678363083
0x9cf10b6A7BE9739016dc2d3a3645D0F35e6e64DD,9.026324052450570203
0x9c0868A6b96ecAc9D48584b0bE0944fefD268496,8.924381972739254558
0xFa7619d14216eef769b763A2030a3170504bb577,8.79998355290344871
0xfd22e70cB42a0fa315C82e0Aa95A6Dc19f8B4934,8.775219334108582386
0x971aC48e6F904406edBC22687ED92Bc8966fe551,8.720469128040641243
0x35aA3f733958b7416669303945093C98819F77A6,8.627585504800022516
0x9e9C0431eAfE5addF548baCFEa974cCB550DAd45,8.23842325432694886
0xef16C3d8Ca747fb306e4420CbD5E0eE53156B0d3,8.137092351055505664
0xB543F8D66765c7074d1d77147d7e07880c96908F,7.952776708505775255
0x76F36d497b51e48A288f03b4C1d7461e92247d5e,7.878729250926600758
0x45da98984b745a6bA1F4A67c842E63664d7d55f1,7.785753304495853429
0x3da7400A69734efD9F0B992DA2552e4B47b83711,7.697066062926694046
0xe031e226e642C23Af9EEeeD18D5Ff3037d4C18Da,7.55368808619694141
0x49BCbc58848AC642B48f3D824D8b728a1045D08b,7.139724171986796205
0x1D80ACDCae2257329557Ae12C1D1fC21361DeF30,6.678995068293422149
0x00000012616B0Cb849Db9A897Bc338B709bc56e5,6.355359587355967
0x877adF7A6d29A4678Dc86cBa270A2C5257B6ECc9,6.245545972810777075
0x1739B308d2232f9987975298c4459b5e51Fa272E,6.225104359579191344
0xabFE16a760B95442B0B314AA783f4Cf7c5531d43,6.150427320687155375
0x0e3Dd432BaCDdbB0251999416dC67DBB032a6d22,6.056351662006474866
0xd66570eDCdAde24eDda902B28F2172e9Ef8395dD,5.646203769741737248
0xc252cEEc3AD24C47657638C323D96249a9f1b42a,5.616557660323261395
0x1114C78D5DE672996d812DC2E1a05b5F33EAcDFb,5.600012441168692636
0x1D283807630fFB876A5d78B8e0788e491449F241,5.589599794765389118
0xd605b8c680C34F15d7Aaf597494FD839F75EBa18,5.572403332433736458
0x6FD23dF9DfEd9603670f503cDcA16F78AD7133FA,5.523896219773847826
0x55DCad916750C19C4Ec69D65Ff0317767B36cE90,5.508662180747386856
0x1110F5B97703D14AC3dE91bdcd12Cd4566ae48D5,5.428483667083381914
0x1111E3Ef0B6aE32E14a55e0E7cD9b8505177C2BF,5.410961195691120534
0x1113eFd5C8896CcF251EA360bB9d91F113707F80,5.3907933006461007
0x111527f1386c6725a2F5986230f3060BDCAc041F,5.37947197345373983
0x68CC21f7c777243D1A9c71C2349BfdccD8Ca7B78,5.280869377432683889
0xad67D3a4fE6040CcB8AE703a443202Ec6b9E4a0f,5.184793542280715026
0x432742c4804E234Fca933a1c5E3429DB01961475,5.168226547360018034
0x111206594F2fB5927f719b4417Ab1DA3D41B14b1,5.013420215973507896
0x00d2f4Eb459bd4F7b175fd0CEC578229bfa3BDe7,4.809643288939453808
0x5d07e54EcB8F1ca38FB9d61ee87DcAf6f5FBBfe9,4.645407192139366438
0x83b4F74296738d8C2e15bD7c1f4a19Df122354f5,4.614004179370170414
0x21c025A4E5B47bE192B1ccEcc3c6FE4128ce94A6,4.545457194262820464
0xB0623C91c65621df716aB8aFE5f66656B21A9108,4.526990377555984698
0xaB21DA17a6ed156B3642234Ce27e412Ac08a7627,4.432219078966349187
0xb720c31d4CF1c730f21F6e59AA20FC65BDb7aCF6,4.417025057450110677
0x5773381b7D56a21B4B70660aFe1bBaa3C9443032,4.415637531986959956
0x5308143DAB2Eb595aec03A38bf76e1f5F83C3281,4.224423710893770788
0xfD69Eaa0Be32895643A279ee8D2d676aa066d263,4.222445675932274604
0xF7677dAdb97a99f971e405650Cd8bdda10e72DFA,3.999576799901493404
0x77d8d216380A532Bd3238dA63e3788e4150BcEd8,3.947059427055339047
0xAff9C638dcb4D2B351B052D4Ae42a9083eD98789,3.931273052470469787
0xeA0591576BfF20C6CD220F0DCA550eB7EB9Fd077,3.900355105175400419
0xa0e6f62CEB9d81e184f84e5b327F43B596D42748,3.834743336571315059
0xDF1F6587aa741Ff62cABB9BED8daD062713cf3eC,3.524660436366992423
0x93978BdF1392B7E4eE172Fc2505Ba30de95D375F,3.511490415753885106
0x3FB68066FA56A9c7cbE1E32469855D352300CF6d,3.496829989566521447
0x23583b8104C11F3C2fB30Cee228170FcffAaD0b2,3.33549874949774217
0x0000B8e312942521fB3BF278D2Ef2458B0D3F243,3.147020510001230213
0x2EDF1B3374234D8bf7e95a01c95B47121B75e17f,3.146922148277439512
0x407F28ECd4e3EBC4288F5824e8De4fc0aF5463ED,3.114748747535085925
0xA64B6b692049f3CD7C46f6380643c7a02a0D4dAF,2.997427216738161139
0x8b99EBA84204f4CAF10617E707fEA251fC53b0A1,2.821015282425995845
0x108eE7e1654cc8a4C59219d9eE133e2cFbBfCda9,2.591829071372208407
0xDFeFbC7c5F2Ec0313734EcA58bc1Fb17210Bd34b,2.5044376549313099
0xE6c637509224f9a6c3986402F021EDF7A4B1c71C,2.449628041141620494
0x45C56e138881FD3Ff46359ba1826d5FC6FCcaEDc,2.322864195919562513
0x9aBeC8a2ec6930Ef5b3cDcEFcFA2a9b73eca8992,2.221072292906891667
0x84d489E8EBe4107182Ff255750A377Ef2C6EAc76,2.07813679710227344
0x59eEbABe17657A46900EAAdE2Aa9408AC232574E,2.013046141761389405
0x9851B53f109F6c8F2381B91Df0B87a719933C7BB,1.928900886178839585
0xD9B39cF5157240C12081e3a310ACb3a079F9cEc0,1.905458565704313883
0xDA26b96DB7768A8Ea81a83194172b4c623910Ce8,1.865375503969727434
0x023aB8e20a4682d315Daef4c91DB96bD77934D66,1.849948044762878717
0x67f49728b8D0D09412fFcEfE34409db0C20E0Eb5,1.695509357675360372
0xA67C8970f1a1d98257A2E32FBECf307BbEc388c0,1.692209652627638845
0xd7E1236C08731C3632519DCd1A581bFe6876a3B2,1.690727343318551614
0x811de8dFf3b4D92b52F1D540cdd92BA4Ae88943a,1.684046191400944418
0x1256BE0f89AbE3789352cA2035239743e5060F9d,1.547007495000582741
0x5879b6A56f614D248aCF837AeBBD468ABAf9342e,1.536344666195001886
0xe5e6ee25986549A41a61Ae31080719d6dB316580,1.500371500645617827
0x9B47e234dED77fE186Ada0Ea914705f52Ad23A8d,1.448997794535569278
0xb9Fa59CA6C777E0C635148EDaa74BaAf6b0EAD83,1.42572043728851415
0x832bc12fD9889cd08f30e091f94aF4688061865A,1.392597432592384475
0x508Eae097962560F0FAA5E60a05E0743ED18ae02,1.324607066321966571
0x7225D8708b78772f7ccaDc6dF264c42b2b96C35a,1.317828271109480208
0xDc55D8caeb8F11De8273FEC0768280e6461FFc48,1.306764593292047612
0x7201deAB5d8d309aE4D5B852A2EAb3EaB0fe7a87,1.298038057299619866
0x99B7A236D4D1430bEDfAb33223bE38a9B5484917,1.261161278218781109
0x9f24741211f9d333D64711348bB36125a8580F7B,1.234025536701092468
0x0BaE4D1268a2528Fab86e11e81F4d7c5bD6560B6,1.231586851538802249
0xa323f6472876F22D78dd5aE347FC460Dc3e6D1A2,1.228760095865964661
0xBF103ca71e997BD478DA47d49e116168b37F00fc,1.212943084446481918
0xFf66acbE5969f6baCBB4Afc33E1f2C19eF74ca22,1.192720922793360641
0x96bdED4D5150A59908d24c6ed46ee5aceCCB2629,1.17166090382272509
0x5bB30A3046E786F5e12e2656E175089Cad735aEC,1.167763804609707395
0x9EA3f10F4b850941d963501a0F2153f6F411fe4a,1.134597729295189913
0x67A30391488b74bD23298fA4B82E4651FC62c8fa,1.10863306839797892
0xB2f80BE459bbd26c664CCAe1890af4F081c307d7,1.081631489052516201
0x425A4a539C085Ff2568e19ee1304e97a92688959,1.07084347549632821
0x5AA8f62Fd67B76B3aEf9A5df3Ef3cFa54151b470,1.013603008820475073
0x0eb614E88d6765ECf292eA1352cAcC3f3350dcEB,1.00778284381510003
0x0b3350C4Ced584cFD6B7e11Ab43a14BDB26BC333,0.991609200444326736
0x1d31a643a886abcF4337181FD47CDa769406abc0,0.960189647003675489
0x9EDd752BC8a79f682fa8Ef96371E7A140a388ac6,0.933231738379547569
0xBB515FE25936Ad3AC07A8025C128AfDD0d2e38be,0.880332213403013039
0x79d899379844D35A1A1F5D51D3185dd821f44Dc1,0.878185668482576405
0xCE83EeCf3aE2Ee5603c5357d5E31aD248b060172,0.874389628783498033
0x1440a459D3037ab11A1bD9fb549e20aDf5481943,0.853293871918840185
0xcDba6B49Cf00837Ae5ca7688Bb955C4D0c154Ff4,0.849974065812981814
0xe16c0319Ad0e63C1c754DF7419A3C40fC84e3687,0.816908721559753738
0x42E2564F90eCfe0f9F72322740679B76FE56EA15,0.815962900463556787
0x678111a6cA5749f1744b5E080A855CEC8d631E20,0.809067868755892733
0xF425710ffDbCBff78FE1DA6beC448475F4568566,0.776130155654092047
0x78F66D1F6F40807A88Daa0ba2892eF3a7D28c927,0.771567902041252098
0x000000a010FBFEA4c98cff39C9CcC6f7A9D70906,0.766618527373393391
0x4Ee474710C7AbaeF5C3545Dbd55fc45Dde2DEe94,0.750176294600499155
0x515eE6896b34174cB29522e45A2352D88abF1800,0.747751929498396509
0x1D4C3b9F8F49D6Ac44e398F766F520a3CDB0f3D5,0.739739703280080972
0xEfa131b185De4F8965b9c1A6f02E6264CAC36a28,0.732009617316987265
0x59f3eedc3CaffAa50e7bF9d22B359673011175fB,0.722684688562024565
0xb2243229B1d53C9e5103eA4d575Ab8af0A3AF0f7,0.716992409993383952
0x46369ABb3668aFfd655EfF442cA6188eC3a63744,0.708863695204085186
0xE15aF41Bc008Cd0E66a2Bf0EB49830623ff49a71,0.679346295617123361
0x2Be1a66DE16D66ff6FAFc5E02A86d04B62834808,0.624952189719255759
0x2CCeFD1a2C608D9d277463E5cC402ac7dD27C180,0.611257426443501753
0x6fbE81055140287005fFB5659A9312EBa019F350,0.573631695279520399
0x5cf0CE12a202F5C27dD37F8CF65e7e2C315e1190,0.572431882211312053
0x99999990D598B918799f38163204Bbc30611B6b6,0.569673762017687112
0xd7e4f16A443dc1F2B9f63ED912b64D5Efe1e4997,0.559593113446795793
0xaC212CFc03e8E6E3711aB6E50e35472F3F315E45,0.551155525120384745
0xc584F212fF9108f13A9dcEb8C88Fa7652EEE697C,0.527905111081328638
0x1EFFD55a8646F7dC67c7578C20ce575cefeB1120,0.521539720696525603
0xaB272983d02645652ab7675FC103403a17CD046A,0.517280095387042129
0x001bB4eF611a62ce0b05250fb4296b3DEF83e2dC,0.506916803810600575
0x2e0692A3d9097931E9b7ba47035C8EA4A388f747,0.506060761113581933
0xcB7C5C87C4B460B5f3F9211e33035adAAd7E50C9,0.493199372779106277
0x9797021D4aCc56B30A77d82306d7C3f22aAbB5c8,0.478916483748820085
0x0000000000d3e910C999cFA4a016EaAFe9FCb604,0.456408142213876553
0xDa62F829497DDa865C4380b74ddD8A818d2b4BB1,0.4522748492401798
0x7121ba013e73652644f4CA692D2D97D4B8e8745F,0.451459310061713392
0x687421dE86C1c3F065Cc7F0a0102D97c5F3b4845,0.441959422102218462
0x0e6ac8dD1bA5D5C16eF30e5f86b3A0804FEAb876,0.438567630405491945
0xD9A8f5E7236754101A717986eFbe38cAC4855CB1,0.432486885486883348
0x34D50Ee2FDf7f5a5ebc0627aC61A2D11a5F6b34D,0.427770462201566388
0xba63055c6213FA28932b69318B6c6451BC78De4d,0.424951314584748115
0x2a9dFbEa2Ec7BB1c83A905517E0531336167AB68,0.416884690429028957
0x2402780b6Ad0332f2cB46Fea8423649c288eB73E,0.408445701965785909
0x0Bde33Efc24cE36162447671AF90B413c839C52F,0.400423793228300545
0x1737f161C289f5578F8D2b9C9706C12EdDf57E62,0.396277864079219844
0x47Bf54982AAe9D3a9D9f1498Db5F0695EefF9250,0.388775122502675121
0x38Ef64162B682703CeB0E425827958E9f5dB02C1,0.38597054425328126
0xB3aA9923489Bc2BFEc323Bf05346AcD4afbc92A0,0.373684853365492699
0xF3b7dfDE0C8184adA828E7F7F3Cb02472C40105B,0.361078414213192322
0xD29719e02A1C7Dd3363F96A7Fc78610F71cf542d,0.358227627185971224
0x38981baB1cAb167fd032DFA4CC30338081F73AB6,0.35657450388452194
0x473f8312Cc41c335Eb6fF5543472268998F5dAbF,0.345325275017272674
0xE1B980bAD6765260bB45c7E2DE23b2C68C12539B,0.338133045729133684
0x340d716d09BcBcAeBcBACD02B419b62177776Eaf,0.336600667045306853
0xe71bBF6c20d700F6FbFd1c14d33B3563E2835AFD,0.334736996445292182
0xdecb831D7cF7Fd73231eC0EacE815b57DA8A33E6,0.323009111089705949
0xcc355f3DD9c41616dA0996BD3bF12AD7Cc2934e4,0.322239810593312046
0x17979D2814300De7B2Eb3216e2B6Ff58F3D54778,0.314854312333416486
0x0FbaE5A135874F5a2f93e9A868C5F1964DA8df2c,0.313620436476687956
0xE06b9eD246401f2c32D3ec32a976D804cD23fA31,0.31170914312845603
0x738656dA11f7485F98A1F05512D82A606FF1c025,0.304703050662729056
0x32e0f4ECdDf5ff01d502D0834AAD5E4Bc0bFc3cb,0.302971513248384947
0xFA0d3505939943D113bec009Cf45493c960Db390,0.294342915674865417
0x998300e37d598E1018F67A1cad6602F4C54481EB,0.291365659841417011
0x27633D72f0611C2F84f6CA9467fA0f50B4eee59E,0.288014657600375929
0x959d854797A8A3f5d4017b3F4954b564555DE762,0.285983298755431379
0x7819BF532b78EB862E3747ACfe085bC38534501E,0.285256333246955334
0x8a0Dff41336F5a46517899a89D748cC172d31bE8,0.285149541783414333
0x0000000d458f2b3CEf4CD93bd5bAB7F47f78fdeA,0.283392123579292448
0x59cCa2e808b8259e9c59d309Bb3780201F40586a,0.282681815435002286
0x4ea1216DAaBc7309aC4c18105Ea5a34E79Ce55d0,0.278234577881544049
0x96C471e7f2054DD2c2710DB5686f5ca7804F1d66,0.277338553223402251
0x46b1894D336286437215392A17A2ac59C7cB5b1a,0.276355158733842361
0x0144bDc24ce03257a873ff2eF1039Eec0A6953ac,0.274534290109502838
0x5CECa76d70b81D1B7E09fCA869f540807799aAa6,0.272068516837009347
0x2f66a2f11599bD0a0929d72B7905D75D12223091,0.270862892631308706
0x0D94914792c264092E40fff07111fd576f395AA1,0.268720674184206213
0xad95cEDA00d08020C44683a22f5b2E09bf5A3338,0.261889870262874997
0x9b4306e7B6EDe125b5E8CAc309fFB58AF5eED6F0,0.258811240011773021
0xFd186097B50370f400d0B428B9D5fF30b445a1aD,0.254489849513643484
0x2302e8505354918b9693cf3722B18ECc17910039,0.250363977637768126
0xa172F29e5EA647080b117eA866300784C63813FD,0.245077360461087667
0xEa90A8125F9FE8C2817511f92F2fa9ceD84cE17d,0.24375191268677854
0x57FEBE3600ad2b99bbB947249d9aB225A08E570a,0.243041303385621599
0x329EcAd3BAA274E211660eeB34017c72EA745b0d,0.24026599277820543
0xc61751e306819c958112c03293c8B42752474abD,0.235313334208682295
0x60C33EEc76F1b55185D2030Df84438bEC7d5a88a,0.226261404683857042
0xaEA25E0dB4e7bb012719bfcC6800999b4d0B3fEA,0.226260021259417384
0xBCcf88D5106a84d47929Dcd975A0A4a66234Deb0,0.225835833557574295
0x11c2eDA67DD366656a348562CDF166b9e7efa7F9,0.222856245256518901
0x00336cD9F823dd8B5C5741638E5038FD561F01B9,0.219545352253224205
0x8B07c0180aF3Fa785C08bBBFA9a877438F95947B,0.218286870981631708
0xAA332D445CBc6cf3E2b02B861ebAcfAc38646499,0.215387368071203772
0x865619fA91aac03427A5a69EebC5C2B33D42d7e4,0.215005529815588488
0x6a7bcBaE98D2e410240045b6e6F2280E9d152365,0.213893684554110094
0x38EA466475382A663f73258007897b0B7560E3E7,0.205454795703436293
0x476e5decE7cBC385bCe40682e510995de5bbe146,0.197036583836861037
0x1Dd48ab2939f7B345b8Ed0BFAe4961eC47930d4a,0.194046842702819809
0xbc417269830DC0c707b5bA57ABeBfe107dDEE1b6,0.193220378447939775
0x2c738e7161A072BaD6f5b9a5995D1eAeA5582813,0.189507437295298265
0x4721d8286632baf0651486C4702226d7E6362F10,0.188497476100423371
0x88b19a219053Ad09c0E82cd28D98316639Edaf0A,0.183093208424588039
0x8DF971D2231825C0e2a988a3Ab8a682Ed885bAd1,0.179377968846509793
0xb191847fCE5F9d50c4bA42B8813e138D84f41134,0.178216484983193356
0xf34FB129f2d2767D8202E349439967C2D1F98CE4,0.172521484912943392
0x7902e6f4B4fF3E378EfbD6EDAA4577dd3Dd5f067,0.172467974237794457
0xAA0ed553D7Fd16C98A53913C8dEF7f27fCeeed26,0.169668189228327543
0xeA83A7a09229F7921D9a72A1f5Ff03aA5bA096E2,0.165948146503880523
0xE5cEa7D7346BefBe0e34142FE98c5C957091b429,0.165566601648971494
0x937891C0Bf2046Ad1574F7b7D8B7bE7918f4F35D,0.1621618295669663
0x4a90F5add15147188149A5727CF39D7F71768559,0.161151713148631598
0x1FcA2F53Fbf3BCF689a4BC49d41Ca7c814a1224D,0.158697027985224267
0xc2648C413F5f1a146c7c5890cC633EBB3488A9D0,0.15627824538044298
0x9591bdf5592Acc38C6B7CC226D1F7a0863f8D2CF,0.152286860132807492
0xa2Df4a6fed072011d3299057b78Ff99A17dcF28b,0.150681220414200307
0x78263065c2c04e3386721422D54Cbede318dcE80,0.149986471638153755
0xe3E109699eF20b458f37e1d53BDD954b9EaAE61a,0.149432442315521279
0xB8B31cBCeE619583045c0b80f76f9610D7D67F6B,0.147185501184628467
0xFC72A8363d064E25B2243bD62171adcAc2DFE3EF,0.140859855876206792
0xAaAB9f48434440c38bAE35a876c81410D5F48A65,0.139016596215198388
0x5f74843a461eC6AA77B7Fa52722435BD07d82150,0.137423276862147795
0xB134237A5E40Bf81cba215f128b158608dD63f6a,0.136990753355645426
0xA4171014032635b775B493E45CE54F193002E063,0.136638792352763104
0xD291D156700F87C65C24Cc586c1bBde142c418bb,0.134743036142301395
0x903e8fb5aCF573605FAB74f9149f5b53460C9E15,0.133191187978305076
0x2fd0F49dCd457818DD38de54DcB4cc26eBFE4B43,0.128975724453012087
0xA0a873A16e2538ad5F98F52434184Bedca71193F,0.128123681587335424
0xf3772aC6A4A92D74d2e20512bDf36C56Fe82a445,0.12763531038536841
0xeB9E34BeAC342f17068BE17747628904dAc2C309,0.126167738104227648
0x09f6831B2514E24c35a567F35F487bc2D8D4e664,0.126145287035988013
0x3f4D24E85A7b92e37e49Bc2ADFf40FB320D3FcCd,0.125013073941305018
0x351E915572266f85791105493983Ef6442599f50,0.124350168472202049
0x61B979bceFA9151dd7292633DCD3E0E2C30E8c77,0.123576507930991527
0x1D4335F58DEcBa83d56897057A49FE3AF72CF919,0.121581109358049294
0x432a4Fe04561f186cB364e36910Edb44F94cAC1B,0.121288240644258704
0xf3f3247bf10620167172878d1D3C870A85202D16,0.121241103398157463
0xADA0b6443277Cd063C3062872FaAAb319aC41E74,0.116554540433468418
0x0813E1B0a5B1D0D67cEAc68696591f5aECc613c7,0.112876681288853738
0xb9A07B6683d8f0409B2ed843E4Cd9E95178c4b3F,0.111162185914773743
0xB18278584bD3e41DB25453EE3c7DeDfc84040420,0.108931595176678284
0x2588CC21D3076c2D4AeF5a274FB5Ef2b2C688B70,0.10764928487927803
0x17FD5e5091809fB4a85264Fbee2eA9e3549202b5,0.105569066617249972
0xD4aD30125E5208F7C3dEd3439B4D98423460E4dC,0.105381153970993525
0x7D47b7bD696300D203D39C79cB2D3003d3AeF2d6,0.103532521475552641
0xA1b9D45D68ce108b664332aA21192BF09e124c92,0.10269097861754496
0x460eB5Ca9d4955C535d5267Ac581C7ea40B41f2A,0.102405491979240691
0x8375C683690CC1c96E936e2759dC1B0570e95B27,0.101662673252433271
0x69a4534C72fE55D0C5bc4a44d2aEdF944D649D09,0.100629548515443351
0x217d3662741a0f9F661257DA7CC2b9a389107Ba3,0.10054472642244877
0xD15269F19b6c090b23beEaF27483097F307983F6,0.099305028312608905
0xBd82c0f7819eFF4397ec0515b421cdB99da7325E,0.098637162979959133
0xAF3B503f13C9D665f5EB1B375A741108b7df6BA9,0.097489661633798635
0x34D0ADa3F960C98317c6692E1Dd0AABAFac1ce92,0.095449725079086842
0xB7707b8e88241E77064725099113896bEd5c3Ed0,0.094758818259752696
0x6D34C678c11Ba3048E0EF9078e3CE8b2dd121C6a,0.094446531329799421
0x5768D18bF276a045E582D1E5AFa312d8Bb14fFab,0.092621857762089337
0x6f6D9c36DdE1Fc3B8fa25Ebc8E06D8a36e3AB24D,0.092608242307629295
0xbbA4264E80b2df605C9B252A683830Ea52B0A8Df,0.092002976902359255
0x6AF41284E3360918C0E0CbaFCCbA35379Aa2035f,0.091552772428639812
0x0Cc73227181744F7dd923522747E4c358f3F9436,0.091319707371864651
0x2009d4fCA39Fb4b284b1acc48eFA1D06BdB0e370,0.090283996927038903
0x06A963eef0Ccd90817B08297240C60D579851F40,0.087437632773963545
0x09ebdEC1031D56cB11c3aCB61d757d35B3a23F1b,0.086913999470195061
0xcD763667cd74543Bd05c19386347441D3D3f6392,0.085436108864930845
0x0A854e4aCC280A66BC2e2bF911fBeB88755511ea,0.084212760093682092
0x52d86e4195f381fD5c72B4eB1d425F028Dd2D48B,0.084114339192725719
0x53B03A7F51497cd07BFDD836392B28A7F587EAec,0.08398515755429414
0x64e714344780B12384597F5bF9aE35F9ADf98863,0.081664752080791854
0x1288C52a5074062Eb4A90f9AE7E8706EeE0553dD,0.081596932079613486
0x00fA0dB48e342eEcC0D4585FA037Fb6E3E059B62,0.08053235796705007
0x8cEB8E6b92189F1B78A920DB52f516f58C4aEBCB,0.078496188829934417
0xf8cC081D772c8FA0DFc2d5544B11777B84E4E2Ad,0.076556519625294154
0xB41D3cC6106450e403d4e44FEA30042FCEab9168,0.075932772277593251
0x7a11156Cb1C4CC4fF64dF0C627ecC0CCb99F805F,0.073542474350139453
0xa42641AecDB6626d4608c9b493669B5D6E11a473,0.073453315682156703
0x348cf14A29023E7AAEe40665F2De1101be0a2af0,0.072388962827347082
0x414CdeD3E6B196ab8968d0C725E5dd76E64FB81e,0.071152154250748776
0x95759D87638cD0880E059062AF9f9Eb7956a1c6a,0.070681222729007655
0xde368Dde768Ea113Eb40aab19B2B690f71c262c1,0.069788118759354298
0x4b2a27c127EA628c293a1Ced5DA8cFe792e2Bcc6,0.069622909970315539
0x9cF7b6Bd7CBD0a6213f27a10f4d35078ADC02c4d,0.068647185143027916
0xbEc762335c9DF7286729Cc6344Ea4f42E4959003,0.068625303720540397
0x4794804030292978375cddec69201F4353B6c950,0.068481952762373417
0xCa8B2f06086d4EeC93A313Be76E3eFDd34018897,0.06842346484767815
0x54cD47C2f0FB09C468E15344fd68c54272D57246,0.067685703854153632
0x7095D3ccF10fa52325006585226E4383268a8faB,0.066785815552239485
0xf896AB42ABb07276f9497d94f99c185ecB45C231,0.063240666455834626
0xB22696918228573dD48638a5E7C8F87AB721DDDD,0.062403445506983325
0x72FAe93d08A060A7f0A8919708c0Db74Ca46cbB6,0.062174840523145866
0xd2E87f6049442e1489A32d788f63E7c18088a241,0.061541501976715726
0xb27b3CD0EfD8F70257CEC812Ea4330670C4D4fc5,0.06053224455983483
0xd246c4a039508379cd70cE624cDB7C8b1C991F37,0.060182195066679203
0xAE6787376863e27272205E4253c7Af6C49Ecde8d,0.058945348760992631
0x1b4C435C3c43Ea5177f2a2d42d306B65474898A9,0.05880979419283145
0x76a8865Dab42e1A306a43f02a2497844A1Fd2d8D,0.057717891851871099
0x26426756D9aAA79403Cbfd946daF002990B6613a,0.056592241337822638
0x15774B70eEaa1089d3b85Be66dA7F578537167b9,0.054726865259474537
0xc5D14A243fA307C34b681eEA9EBaA96E6ABE6a23,0.054459012927905309
0xEcC0999CaB4Adceb01C6F1Bdb43B22313cEF3F8F,0.053423339231676707
0x0f77981Be89D62A353e2D906D94f15C74d27C5Ec,0.052589522440553519
0x1Bd61CF824Ee76eCf939f55b50014d1F40d13d8d,0.05020970840898334
0x084Fe17a1FE64D42431A30ce67f0D6dCD670e97A,0.050126
0x6a755B410e9970412bbA89820f93cFa009ee938b,0.04952698656290342
0x8F1a8714b66929A484b4BfEcc9B9923976C45817,0.049408889972246516
0x9Acd0c4BDf6E599312f7e5e0BeB24c4fE8f05764,0.049404127026158149
0xFE0BA12D3c129f0f01B5e633A416b38EA7e94eaa,0.048971548080688584
0x015C4b3D7F8AC29cDcdf012AFF3f74f42CF80d27,0.046998347327085507
0xBF0DDE20D93437B6500F17d88a58188a7296D39D,0.046856460634757516
0x160180e81D715838150faD5669D90430B8f64254,0.046542127325399282
0x5fa27d5c465687d85F4794e2056305618d511Be0,0.046284776771442938
0x94031abB48CEb4CC6F35b090AA9770014196090e,0.045488534731654599
0x968907878bDF60638FFdD5E4759289941333bf94,0.045021403046576393
0x7700946ddbcFd7D09FB9Db9D17CC32C2f3bd89CB,0.044570325391008964
0x9095e6c15671e9492f9358b9f095bdEE54F810D5,0.044269165169279673
0x92c79e3ba1401f79A1b25879513AcBfF2E87Ba7B,0.044091080080744393
0x3a026dCc53A4bc80b4EdcC155550d444c4e0eBF8,0.044035932594153506
0xB5cC3308C8E0F12fCCCa72e0fA3C8C20518c11e7,0.043316758805487759
0x79d179e372D43f0BD421eec07d0c005d8ab48f15,0.043202191892801014
0xc9078eAF7476Ebcbc503646659dF8807Ab8f0984,0.043066032301829438
0xBEa45fDdd27Cb796da59f12549FC81D147513e29,0.042990660454025393
0x8E140B709Ad3a3213a9061926D46a67B844E5936,0.04214860448108322
0xC7A024df387621e7065a549FD643367b85c8D2aa,0.041017668991759392
0xcAd3dbcF4227db2A0a787D03104bfc62c8B8A200,0.04084434120219569
0xE316cB8Dbb22D55590D47ee6672EEec47a727E53,0.0406352058362303
0x46bDB39539E34E68353d3A054e940DD7B3893D2D,0.040507737049224204
0x5A716F1240b68Da308a62ADD55c4A173230Bb5fa,0.039545577992854848
0xb9f2Dd304224FA9D56699c2c54d9aeFf36Cc752B,0.038365793755429859
0x522AE7965476B58553e8ab01E51a69C1E2E1A1dD,0.0383226701320597
0xf0428ea5EdF894B451fc33C41893e8AddF7231DF,0.037502810110527748
0xDff352FB91399F2Ea3d8379F36813F1AAa306b67,0.037107107444050056
0x7D0fdF6037f434a64Db23E89185D2Bc4a4F18DFa,0.03683141412781316
0x42B8057eC232aA0f3232B03147D59A0aD0cDb27A,0.03632720951516488
0xF87d8589192348F7C4Aa49e7D94F3Cc2563379E9,0.03543254369891995
0x96c755BB93f2874aC684265e60bE6cC80bE08AD7,0.034754555818142823
0xBCb105A8e000DFB020e34748fFc2a24121797940,0.034345860264028596
0x2CAC9e6D1d630A35cB8019779dAf4c5FD96135CA,0.032824367126426911
0x39eBf0c8aF1ad760C8D42E53916eB8CA24A0678a,0.032780587045718583
0x756B390F25146c44b09Bba3789e1393898189d28,0.032765321252964814
0x6561a3617F7f5eFbC18b2c124B0Afd384aeedD83,0.032674061031088236
0xF7877Ca937038A72B507da2aADbC7C9f92DBbB43,0.032292932583693925
0x24fd764028B5288636AF804edB83241091BCFFca,0.032291292020148961
0x77750C16B5E033DC5F66049BE2F7fda6c784E17c,0.031761918214784807
0xD05a49422a728FD5b14950bBEd6666ebB43C398E,0.031330181236546912
0x735851247232476B691AEC835E3F56dF99D59501,0.029868772911484489
0x85126453182A788385915E052261B0afF084196D,0.029476095432751223
0x050d1B4a57FdF2e69eD13735044d9ba33A3A4c72,0.029303308986246957
0xfB98f7621D0B6d1D53E8C237E4D2071ca06DE4Da,0.02883211823018356
0xbC5E88747673275d2c7e5DD9c1295a4d728dEde6,0.027919399554684655
0xaeE241a975b778f2CCAa2fEba0E3CD80Fbb09C3e,0.027446347450460547
0x5216FB4De63647b7575321363E5Cf7aC902C0279,0.027373325154424253
0x7455E93A59c054D3E650cD78548aDd6c9Bde444f,0.026975285175444807
0x0bc27BF803a1844C7eaCb99DDAb7fe877b41CbcE,0.02582379579375473
0x8FE7dEAd5EeCDF61efb9C86F743e8A46BE81Ef7a,0.024589221478447977
0x7c7582643E67b443b0c3f82D0513ba3D25c09F92,0.024439832404281881
0x682B74eeb2ef290DFdc09c10127aFDA14bebf2C2,0.024431645464695585
0x2D971977feb62637493f7519A4e4D8F37431c565,0.024155336301524016
0x55b451320A34CE88Fc8F1A1D9156e2AeB8aaD6Cb,0.022727317970413851
0x3F033ac225f284d0Abd98D746dDC856A6e071fab,0.022416508942352946
0xEe8fE406029f1A3D554EEc902fEB987423491115,0.022079935440289768
0x6824Ed7BD76E9Da3bC8870D497ccEcE4c008A3a0,0.021829841271093572
0x2B7948a065dB2c39016A2CbaB7c681e8Ea788593,0.021149486727302679
0x42e7da399D2b2Acc2C238Dbd63072B28e7019A69,0.020764798134441493
0x7bE4e90e369cFfFC92aB3Bf5DbAEd3d49CA57780,0.020413356962520727
0x2100e4bB6788A4Ee94B2c35A890b5F971BfE8771,0.020401059231852978
0x0ad14D58c097b0e60170600371E59171c7b1D9Df,0.02036290112579312
0x96e6F3102Ee44A468284aB44Ed3a89292F466D9F,0.020148561662625318
0x4755655dA2207DC37781Ec61a34FB771750C7511,0.020057333529255405
0xbF168A9B110379fC8E5daa42e334a97159232E37,0.019465724910496587
0xaFA8387D7083c58b95BA99D06dB9cDCA9D8098e4,0.019009897525491996
0x385Ce1e2ACC629CB20e5A41F583aDFeD9Fc3Ad79,0.018951983466514577
0xfd90ad81Ad93D9af1008A513d964f6fBc589034D,0.018895172857254165
0x73726B61986FeAf16011eB74A2c291E74882e958,0.018876340016735637
0x905E6246B7FAb2be980a46737f6368B537b1db17,0.01882903941625218
0xBff7f17e2403f82Cd0C9AD936F76F0ccC82d21e5,0.018671640908576871
0x6cBaf1F2b868c37D521b7E95fF8dE29049eb0986,0.018234855852086486
0x3E82198a7A7B1fFdefa8071eAAa7842511AFf545,0.017850089995304187
0x29A64bf79c7f36B70fF993B2849e2cA4C605010D,0.017426918703940813
0xa440F1c2765b345039E94bA53F602BF8e8Da67e7,0.017413862813675957
0x55EC822176389ad75903F3eFAc89e18884a60226,0.016941946942863373
0xc740B58cf5F56114F3c62172539342C471339f53,0.016576759034881166
0xA2A1147db66B657f899475a07D50907F68cFBb18,0.016515873587735622
0x7A6A1863120710c0d0E72FB32134BaC45CCD3905,0.016339546830892222
0xf5F25f443443dCA2dC55aAc9a13D4a07E21A14CB,0.015991031037937768
0xdc158f9344EB5Edb59a158061A114620ae7809BC,0.0151437311122543
0x70da5C0B5bD531F55d497Bb3Ce0ba1Fc5D930efB,0.01509019489400945
0x5aE60432076d1885AA082546CAe5d0E4cF0E9b1B,0.015013985157058317
0x268Ba934067a0dF1b21401af6bb09d1756b0D938,0.014614770316849915
0xa5b69403fc8a816D387870b83AD78a3E3135aC3F,0.014405664703408655
0x3a70243Da65320E2aDeAa7B8F5bFC059e81b28Eb,0.014363248907099907
0x61c4a9107de33e75ED6FE29550Ae2cc29cEd2264,0.014233941599386276
0x2eD241cfCA6eEacd39331397358c9a86f0Ce516F,0.0138638266860235
0x70a00Fe0C72Da4BB42259d04635d2D822419CB68,0.013731181191460405
0x54C6104709076F5b4E3A6bfB8fDB8AAdd49eBA0F,0.013674531433141888
0x3CF0EB53468C0570Ce281b657F51F9835e7eDd8a,0.013479876418351053
0x7EB83b4Ac82729F26835Bd615f7eAe011924C88c,0.013016203874049704
0x83564Ce850a0EFc3C0254Dc3d1211C123605908B,0.012779354043435421
0xBbEF1273008348B378e7923516D2f742316d0977,0.012746313695435205
0xb5c871f147EEBd8BA76f8C184e707F15418038c9,0.012717927185211875
0x13e9363758DE918ee531482A7b19e615AeEDe423,0.0127091733424918
0x6F96916ccA6e3d70c56a550849006c1504830D06,0.012679673270990651
0x7667db2a2D921366F7f677fc787F7f92e929f029,0.012518743962706189
0x5F5A5DFBccC21a5D0E9f3f04bcffBb8763df5346,0.012214119331063875
0x0aAB08F8098092504C42CF5b07ea1fe440F95b63,0.011886420899044723
0x3DC2C5073A5f593dE7827788c3A9B2358Ea7c085,0.011746419480999126
0x5C5b3212E84ca7821427bb49717769766b6c1428,0.011437533493497443
0x6f7ED787B51E579daD43827564042Bd1Bf3D92eB,0.010507056971569805
0xFE52a5D0A116efCE195bABa279758964172E83ed,0.010227394610202305
0xA56D4FaCcf95E80948Bbbf6D7737D07cb239A3f5,0.01008933041168402
0x88f7aCa6fED4343aDde0628b12cFe478351fd973,0.010068417916413783
0xAEAcdc16E26A30ad2b6EaFbf60DA32f551A7AAC1,0.010014521983461882
0x20C33f0fbAa9899eC6A7Dc2Ee04293FAd98Cbf54,0.00935096535894221
0xEF4b1a018302d99e4db8e4cedcD20ce0171fB43e,0.00857880639297423
0x941A7671Ba51DFfd7FaC6f383aaD9a604e2ADdE8,0.00848960407254694
0x49bee85739E7fd1b04CFC8E94C65a0194Ab48896,0.008314436191157856
0x3e04D311a63D896Fa5E3d5d337D8d3C7Afe03941,0.008301634701024104
0x56938Bfb477349d715f3c7555f9dDf245D0d9033,0.00809106143751489
0xD466363Bc549E02cec789d196Db9654DdfdEACDA,0.007867326545131246
0xBb742A2d2D989A15152Cb690f263cba781503612,0.007634017081633968
0x62e28aFefae07473fbB433FeB7912595b2fd884C,0.007333563345341611
0x0a76F6D1D8E4071015BFED3ECaeAc4E86cB584D0,0.00726135622116851
0x4661Bfd6FfB63C0098077E8533f8374383ffb0d2,0.007118608152834007
0x9ac47a8bEB55055936b9D8cdFb4DEa878e2f4133,0.0066350050493961
0xC28FC0917cbF0Da2F323Fce522A823D4866d5e8f,0.006633862740639351
0xD80775766186eF44c73422fDF97D92701C27f70E,0.006554678052358209
0x9cD366a40D93F40EF0e2718C799172EA05FD4051,0.006014039800209873
0xbB2ECb171B366116012Edce4327EA2A24C1086D5,0.005903412862067747
0x31a817802EE183eb8B13167fFE24bD28DcC6f30c,0.005778783156569006
0xedA755f38F1306968191841B1AeD255AbCD79b54,0.0054684151691739
0xDf3214b148b715d53f2579bBD2bC75Ff2074A4BC,0.005384190943284928
0x69C501648aA2c69161752332795B09992C9fa029,0.005262974649532592
0xA16885Dec0daa4731fe0c2c54D6C072A8435b7d2,0.004645550735487381
0xd3f9daEBA81a4B2e15afa4759eEd536365757A9a,0.003868721996956055
0xfC92fBF4fb6Eaf3300d012101867847D90A128dc,0.003835532028214743
0xe3a0e7d0d320ecb66b936A7D3B00F6A9Ee18DAbd,0.003340522851154216
0x041d7710eb5B759cA179FcbF8A5F9b534E6a4C21,0.003146260688143805
0xF750302Ab49e479390282667F9ACC0accbb10998,0.002716166778066428
0xB05Cf01231cF2fF99499682E64D3780d57c80FdD,0.002397874022795528
0xB457791541a68884e77D4b3079860571a978FB67,0.00208601544554698
0x241A77C1Ba0809E3eC1560Eb03E24AF6F5faD82e,0.00194776729092917
0x94E59547b8C68924380C90E729488f3E79FF8d22,0.001853234992141714
0x9355b85CA719D79d2dd9319694CF4f80b65A2795,0.001030784733610892
0xF809500a6292Db83E5f0C92cE05C1123aAE4B961,0.000842800861197607
0x4BABAd1b20f549C9F9B2a3fA7dfC7b4d972fAC51,0.000833694893850738
0x7AD83FeaEAD9fA9E1bEc6B6F09795f85314D1856,0.000522526813647988
0x0cfDe7687ACBD4bE3Ea8A0F3fcEcf9795651B0A7,0.000495222186362374
0x35b40374FbBEf726F8C4a2269aA1D7a806b75847,0.000492272813865
0xe437e31c5a59D681a2B5Dc172A2B1dd31f639660,0.000348615975561
0x29Cc30fACe491B2c1236D7cadaDb3BF087184a13,0.000300404133162
0xeDbcd7051915a7Eec699c29eFdb64cAba0A06374,0.000285021341491593
0x9caC33308Aa9c647973E96AbF09F118c8c937Bd1,0.000274541556009
0xEFB1E448c9AAfA786ABaeADecB259577367A167d,0.000262857695373
0x0530502E466f6C4ef03c32b7dC627EcDD4d467CF,0.000256892802138
0x3e9D24b9a83d4Cb144D01594F437a9b94CCC8d60,0.000249780467521807
0x95d5036BEBb0fD6eAd2fAa558c7bF90766181F70,0.00022846666260791
0x447bd6B5875CA3860AFa8Bd4f999E78c6d1ccd51,0.000210493702125
0x3dEBB19541B93532D8F2f6b459904E60763321Ac,0.000189480689638563
0xE1b76E7C70F3B2d4dF02b5c967F228dDaf9E3f98,0.000160717796379
0x2037e70170762dD0Eb6aC1081C2afA45f6350374,0.000141290271339
0x396a97bD935B09bF4c3eceb3fc8C743291a80BF7,0.000134468153778
0x45AeE1bE043d851f9bacd7038673cD350E548Fdd,0.000133296086133
0x6dF80B87bdD99C825074C58B3980D7daEd0C78dE,0.000132241853583
0x113FBce4BA8Ccf6dC98C79A40E8B02832d0F3258,0.000123302588199
0xE8A22B1B2DBa2CE633A6408B57864709c9Ed1417,0.000119598635856
0x419aaa0A2C5b6EF9AcE49b9c180f935213a6656D,0.000118696426065
0xd81dF1B67300CEdC2C8945C7bCdc61eDA13E09c3,0.000116819620176
0x6B3a2452594e3EE5EE5B4826bd5E0ADfD9DdC3CF,0.000116209939965
0x744343034a0E621323174C701ea9A3Cb0217dFD1,0.000113588148261
0x1013A7BF802151a28Ec820354adb723f9cadf522,0.000111484535274
0x1Af43286A8a0A71c1dAC3BDa62AEf416FBB2E041,0.000109957779981
0xD2bb02e4f945fCC216E042e9b074dAdb45cC75fb,0.000109133631243
0x759Daf06ddaB2f2f3651f3b216e5853b7A073bf2,0.000082111038639
0x74F72FEB05741DD3Fa709e6cC6d114d010eeED86,0.000068566267098
0xc4C6C27B2259794a1Dd35D438E703281C0e4A004,0.000063897405453
0x46532d889acD6c4dd2f41bB6e6F8AD23bE315B15,0.000012536232261
0x133738b32e01895Dd01C2b51180dE85aC41c86a8,0
0x98fdCfdb200D50A6cDd87CBaBA97b50638dB232c,0
0x76f67fBFff627a2d19d4FF23BC6664c4cE75A541,0
0x145928F6cF6f94401Dc8f1aB44d1778fE1f0CCEe,0
0xD15ebB1e5F9e88EC5e6dce3AF8cb7f05eAd5c32B,0
